{"default": {"matthews_correlation": [-0.02002550206047725]}, "charsub": {"matthews_correlation": [-0.010676700294660545, -0.06658272931204072, -0.06837719099129022, -0.03477860851243987, -0.04279994754238454, -0.06874476848978497, -0.06382329249840381, -0.05090671714726175, -0.01967015234104212, -0.03188261115813356]}, "wordswap": {"matthews_correlation": [-0.007556952699330902, -0.03439575113489517, -0.012348382283161985, -0.04642123352137637, -0.029097442236047023, -0.017342105300258148, -0.027708156271968615, 0.013135408376182073, -0.042415270207117696, -0.05359022377123435]}, "wordsynn": {"matthews_correlation": [-0.02124992490764878, 0.00768595795757921, -0.02424124985563576, -0.028918535166971134, -0.07436028799491523, -0.004694900594904168, -0.04592225250771041, -0.035147882882378335, -0.04042586505819869, -0.019314134753524184]}, "kberr": {"matthews_correlation": [-0.03916698219779538, 0.00865636259244199, -0.011278316644016954, 0.011310654765577067, -0.05901051935427442, -0.01742376182718617, -0.029909026897473986, 0.026648943141998074, 0.0009898582218094438, 0.006331550941756801]}, "sperr": {"matthews_correlation": [-0.03963921313597096, -0.024738679487377648, -0.05919246121750075, -0.0660687769813281, -0.019314134753524184, -0.008326501188303196, -0.08669032099084832, -0.04317938680609885, -0.06055814832228356, -0.06216121050070013]}, "tensecg": {"matthews_correlation": [-0.04228505827168403, -0.015494752544371356, -0.025755672585352832, -0.01917253559200347, -0.03253839811121855, -0.03635557882721487, -0.029813509494164857, -0.020985037884664756, -0.01836672177734328, -0.024937362479387028]}}