{"default": {"accuracy": [0.6004901960784313], "f1": [0.7155322862129146]}, "charsub": {"accuracy": [0.6200980392156863, 0.6004901960784313, 0.6151960784313726, 0.6299019607843137, 0.6225490196078431, 0.6053921568627451, 0.6053921568627451, 0.6127450980392157, 0.5857843137254902, 0.6029411764705882], "f1": [0.7294938917975566, 0.7155322862129146, 0.7250437828371277, 0.7327433628318584, 0.7317073170731707, 0.7209705372616985, 0.7190226876090751, 0.7256944444444443, 0.7050610820244327, 0.7157894736842105]}, "wordswap": {"accuracy": [0.6078431372549019, 0.625, 0.6102941176470589, 0.6151960784313726, 0.6078431372549019, 0.6053921568627451, 0.6029411764705882, 0.6102941176470589, 0.6323529411764706, 0.6127450980392157], "f1": [0.7231833910034603, 0.7366609294320138, 0.7253886010362695, 0.7279029462738301, 0.726027397260274, 0.7238421955403087, 0.71875, 0.7244367417677643, 0.7422680412371134, 0.7247386759581883]}, "wordsynn": {"accuracy": [0.6078431372549019, 0.6127450980392157, 0.6151960784313726, 0.6078431372549019, 0.6078431372549019, 0.6176470588235294, 0.6151960784313726, 0.6029411764705882, 0.6127450980392157, 0.6200980392156863], "f1": [0.7222222222222223, 0.7275862068965518, 0.7260034904013961, 0.7241379310344828, 0.7222222222222223, 0.7291666666666666, 0.7297762478485369, 0.7197231833910035, 0.7256944444444443, 0.7341337907375645]}, "kberr": {"accuracy": [0.5980392156862745, 0.6004901960784313, 0.5784313725490197, 0.5980392156862745, 0.5857843137254902, 0.5661764705882353, 0.6127450980392157, 0.5882352941176471, 0.5759803921568627, 0.5735294117647058], "f1": [0.722972972972973, 0.7213675213675212, 0.701388888888889, 0.7210884353741497, 0.7081174438687392, 0.6932409012131716, 0.7312925170068026, 0.7152542372881355, 0.7042735042735043, 0.7030716723549488]}, "sperr": {"accuracy": [0.5882352941176471, 0.6151960784313726, 0.5906862745098039, 0.6323529411764706, 0.6078431372549019, 0.6053921568627451, 0.6127450980392157, 0.6102941176470589, 0.6176470588235294, 0.6176470588235294], "f1": [0.7073170731707316, 0.7288428324697754, 0.7065026362038664, 0.7386759581881533, 0.7231833910034603, 0.7219343696027634, 0.7256944444444443, 0.7215411558669002, 0.7291666666666666, 0.731958762886598]}, "tensecg": {"accuracy": [0.6127450980392157, 0.5980392156862745, 0.6151960784313726, 0.6470588235294118, 0.625, 0.6274509803921569, 0.6299019607843137, 0.6102941176470589, 0.6299019607843137, 0.6151960784313726], "f1": [0.7285223367697594, 0.720136518771331, 0.7297762478485369, 0.7583892617449666, 0.7402376910016979, 0.7449664429530202, 0.7427597955706984, 0.7300509337860781, 0.746218487394958, 0.7352445193929174]}}