{"default": {"accuracy": [0.6062602965403624]}, "charsub": {"accuracy": [0.5848434925864909, 0.5907010799926781, 0.5839282445542742, 0.5809994508511807, 0.5875892366831411, 0.5879553358960278, 0.5892366831411312, 0.5943620721215449, 0.5974739154310819, 0.5899688815669046]}, "wordswap": {"accuracy": [0.5934468240893283, 0.5934468240893283, 0.5916163280248947, 0.5925315760571115, 0.5936298736957716, 0.5938129233022149, 0.5943620721215449, 0.5868570382573678, 0.5903349807797913, 0.5928976752699981]}, "wordsynn": {"accuracy": [0.589602782354018, 0.594911220940875, 0.5921654768442248, 0.5936298736957716, 0.5905180303862346, 0.5960095185795351, 0.5939959729086582, 0.5932637744828848, 0.5905180303862346, 0.5936298736957716]}, "kberr": {"accuracy": [0.5418268350723046, 0.5407285374336445, 0.5421929342851913, 0.5399963390078711, 0.5588504484715358, 0.5469522240527183, 0.5518945634266886, 0.5460369760205016, 0.543108182317408, 0.547318323265605]}, "sperr": {"accuracy": [0.5941790225151016, 0.5923485264506682, 0.5850265421929343, 0.5939959729086582, 0.5877722862895844, 0.5941790225151016, 0.5936298736957716, 0.5974739154310819, 0.5905180303862346, 0.5868570382573678]}, "tensecg": {"accuracy": [0.5976569650375252, 0.5993044114955153, 0.6040637012630423, 0.6047958996888156, 0.6018671059857221, 0.6075416437854658, 0.5971078162181951, 0.5963756177924218, 0.5971078162181951, 0.6033315028372689]}}