{"default": {"pearson": [0.11456252049918936], "spearmanr": [0.29236980648984606]}, "charsub": {"pearson": [0.13049862230171888, 0.11578689455443701, 0.13633069898403052, 0.11226199587541018, 0.12298768029979039, 0.13598181413694638, 0.12715090938736487, 0.13431661156040714, 0.14165729393467363, 0.12878994840499203], "spearmanr": [0.27863991752798906, 0.26606346760124516, 0.25719095616381205, 0.250417528019915, 0.2670431640042689, 0.26852445683752146, 0.2762557237181708, 0.26992400228361635, 0.2760853403944937, 0.25851556205661086]}, "wordswap": {"pearson": [0.11185449423778655, 0.131441302959699, 0.12029420115247189, 0.11865073742742185, 0.11241798760432871, 0.11650305171955856, 0.1154272026074541, 0.14237324628206496, 0.13656347262359778, 0.11518652835967773], "spearmanr": [0.270200927740891, 0.28907890691061544, 0.27572330876141804, 0.28254609992857327, 0.2796743666376914, 0.2892567824777348, 0.2973686314705469, 0.28610534436823704, 0.2806130790267759, 0.2800247247786994]}, "wordsynn": {"pearson": [0.1362156509610657, 0.14301321992460503, 0.13036691057242825, 0.130794450869834, 0.14445739607826993, 0.13622381071554415, 0.1429911222850841, 0.13567611699191695, 0.15011684768991315, 0.12883846987296318], "spearmanr": [0.2864514175598797, 0.27904883239984246, 0.27890793550583076, 0.29226847316020316, 0.2969051047254223, 0.2879843616741911, 0.2849935411128314, 0.2954317280038029, 0.2967887147017798, 0.27993907144599567]}, "kberr": {"pearson": [0.059499444774129696, 0.059878593020092664, 0.09278677170263126, 0.08982298590821704, 0.09103181232048514, 0.09901127922517378, 0.08183535179306274, 0.08104688830624353, 0.06613981411110106, 0.07232578897116844], "spearmanr": [0.16023405499179846, 0.12424942171345271, 0.19463818896299886, 0.15924879630737085, 0.15666429453067057, 0.16399638320096424, 0.17845741983250865, 0.17186248840536583, 0.15295477418698875, 0.12569137466200997]}, "sperr": {"pearson": [0.13119656466113772, 0.13779655893676565, 0.1428821737671948, 0.1326508741407401, 0.1346665202949102, 0.14491372599692903, 0.1302706346384819, 0.13041130027031744, 0.13000050883127756, 0.12384188906142997], "spearmanr": [0.2748698259682907, 0.2775899897599592, 0.2849039520832724, 0.2731633479268552, 0.26709181172454427, 0.28468584695113097, 0.2735904549820332, 0.2912975080799077, 0.28447734680779874, 0.2874508773216854]}, "tensecg": {"pearson": [0.09659052867185564, 0.09572624608744738, 0.1148324877331536, 0.12308312093638041, 0.09099744749986033, 0.11504882315602812, 0.10401379794568667, 0.0974329608360977, 0.10659282604718176, 0.09324044748663834], "spearmanr": [0.2675523689806534, 0.278045552350713, 0.29571264456702406, 0.2824245464642291, 0.2827719292653129, 0.2925822758670282, 0.2936437125397669, 0.2822493488348938, 0.284542853970269, 0.2633451045225584]}}