{"default": {"accuracy": [0.44404332129963897]}, "charsub": {"accuracy": [0.4404332129963899, 0.4548736462093863, 0.4548736462093863, 0.4296028880866426, 0.4332129963898917, 0.4548736462093863, 0.44404332129963897, 0.4404332129963899, 0.4259927797833935, 0.44765342960288806]}, "wordswap": {"accuracy": [0.4296028880866426, 0.4404332129963899, 0.45126353790613716, 0.4657039711191336, 0.4404332129963899, 0.4404332129963899, 0.4404332129963899, 0.44404332129963897, 0.45126353790613716, 0.4548736462093863]}, "wordsynn": {"accuracy": [0.44404332129963897, 0.44765342960288806, 0.44765342960288806, 0.44404332129963897, 0.4332129963898917, 0.44404332129963897, 0.4368231046931408, 0.4368231046931408, 0.4584837545126354, 0.45126353790613716]}, "kberr": {"accuracy": [0.4584837545126354, 0.4620938628158845, 0.44765342960288806, 0.4657039711191336, 0.4584837545126354, 0.4620938628158845, 0.47653429602888087, 0.4657039711191336, 0.45126353790613716, 0.44404332129963897]}, "sperr": {"accuracy": [0.44765342960288806, 0.4404332129963899, 0.44765342960288806, 0.4584837545126354, 0.44765342960288806, 0.4296028880866426, 0.4404332129963899, 0.44404332129963897, 0.4259927797833935, 0.4368231046931408]}, "tensecg": {"accuracy": [0.4693140794223827, 0.4693140794223827, 0.45126353790613716, 0.48736462093862815, 0.4729241877256318, 0.4368231046931408, 0.44765342960288806, 0.4620938628158845, 0.4548736462093863, 0.48014440433212996]}}