{"default": {"accuracy": [0.6743119266055045]}, "charsub": {"accuracy": [0.6456422018348624, 0.6467889908256881, 0.6376146788990825, 0.6330275229357798, 0.6467889908256881, 0.6513761467889908, 0.6548165137614679, 0.6422018348623854, 0.6399082568807339, 0.6639908256880734]}, "wordswap": {"accuracy": [0.6685779816513762, 0.680045871559633, 0.6594036697247706, 0.6548165137614679, 0.6628440366972477, 0.6651376146788991, 0.6490825688073395, 0.6548165137614679, 0.6639908256880734, 0.6479357798165137]}, "wordsynn": {"accuracy": [0.6548165137614679, 0.6697247706422018, 0.6754587155963303, 0.6628440366972477, 0.6548165137614679, 0.6559633027522935, 0.6754587155963303, 0.6502293577981652, 0.658256880733945, 0.6628440366972477]}, "kberr": {"accuracy": [0.5149082568807339, 0.5561926605504587, 0.555045871559633, 0.5389908256880734, 0.5378440366972477, 0.5527522935779816, 0.533256880733945, 0.5355504587155964, 0.5527522935779816, 0.5481651376146789]}, "sperr": {"accuracy": [0.6399082568807339, 0.6605504587155964, 0.658256880733945, 0.6525229357798165, 0.6559633027522935, 0.6651376146788991, 0.6571100917431193, 0.6777522935779816, 0.6525229357798165, 0.6662844036697247]}, "tensecg": {"accuracy": [0.6628440366972477, 0.6605504587155964, 0.6685779816513762, 0.6697247706422018, 0.6559633027522935, 0.6708715596330275, 0.6639908256880734, 0.6662844036697247, 0.6731651376146789, 0.676605504587156]}}