{"charsub": {"accuracy": [0.5686274509803921, 0.5612745098039216, 0.5784313725490197, 0.5833333333333334, 0.5784313725490197], "f1": [0.6788321167883211, 0.680926916221034, 0.6917562724014337, 0.6964285714285714, 0.6917562724014337]}, "wordswap": {"accuracy": [0.6176470588235294, 0.6053921568627451, 0.625, 0.6004901960784313, 0.6102941176470589], "f1": [0.7337883959044369, 0.7266553480475383, 0.7402376910016979, 0.7175043327556325, 0.7300509337860781]}, "wordsub": {"accuracy": [0.6102941176470589, 0.5980392156862745, 0.625, 0.6127450980392157, 0.5955882352941176], "f1": [0.7253886010362695, 0.7152777777777778, 0.7366609294320138, 0.7256944444444443, 0.7160068846815836]}, "wordsynn": {"accuracy": [0.6102941176470589, 0.625, 0.6225490196078431, 0.6127450980392157, 0.5980392156862745], "f1": [0.7244367417677643, 0.7357512953367875, 0.7353951890034365, 0.7275862068965518, 0.718213058419244]}, "default_scores": {"accuracy": [0.6004901960784313], "f1": [0.7155322862129146]}}