{"charsub": {"accuracy": [0.5492957746478874, 0.5774647887323944, 0.5774647887323944, 0.5915492957746479, 0.5633802816901409]}, "wordswap": {"accuracy": [0.5070422535211268, 0.4788732394366197, 0.4788732394366197, 0.5633802816901409, 0.49295774647887325]}, "wordsub": {"accuracy": [0.4647887323943662, 0.49295774647887325, 0.5070422535211268, 0.5070422535211268, 0.43661971830985913]}, "wordsynn": {"accuracy": [0.4788732394366197, 0.4647887323943662, 0.49295774647887325, 0.49295774647887325, 0.4788732394366197]}, "default_scores": {"accuracy": [0.4647887323943662]}}