{"charsub": {"accuracy": [0.45126353790613716, 0.44404332129963897, 0.4548736462093863, 0.4729241877256318, 0.45126353790613716]}, "wordswap": {"accuracy": [0.45126353790613716, 0.47653429602888087, 0.4187725631768953, 0.4584837545126354, 0.4332129963898917]}, "wordsub": {"accuracy": [0.4332129963898917, 0.4404332129963899, 0.4404332129963899, 0.45126353790613716, 0.4584837545126354]}, "wordsynn": {"accuracy": [0.4584837545126354, 0.44765342960288806, 0.45126353790613716, 0.4368231046931408, 0.4657039711191336]}, "default_scores": {"accuracy": [0.44404332129963897]}}