{"charsub": {"pearson": [0.12227729761025309, 0.09033974151436056, 0.11224327150716494, 0.09941748946761908, 0.09460702048435578], "spearmanr": [0.175861483884247, 0.23117614112705842, 0.1894080394600906, 0.18532080889234134, 0.1645536113420345]}, "wordswap": {"pearson": [0.09260918721771269, 0.1371832924857872, 0.09552588088629665, 0.11269426101278049, 0.0964293432971172], "spearmanr": [0.2745879841375295, 0.2785312359586147, 0.27914435915590324, 0.28379543708635496, 0.2911676485600315]}, "wordsub": {"pearson": [0.13587484015497497, 0.12589953723151012, 0.15089097163029916, 0.14636209678251527, 0.14385547006834082], "spearmanr": [0.2995444941762951, 0.2914322626209424, 0.27953575266339853, 0.2922547987735786, 0.29948503861940845]}, "wordsynn": {"pearson": [0.13024208939731644, 0.1484044448648677, 0.13706835765514974, 0.14123328268750576, 0.12814876509649487], "spearmanr": [0.27837831058658313, 0.2974236564194055, 0.2811296914815622, 0.286209936966829, 0.2842069533834843]}, "default_scores": {"pearson": [0.1145627000843503], "spearmanr": [0.2923662317542862]}}