{"charsub": {"accuracy": [0.6307339449541285, 0.6261467889908257, 0.6387614678899083, 0.6307339449541285, 0.6410550458715596]}, "wordswap": {"accuracy": [0.6559633027522935, 0.6410550458715596, 0.6674311926605505, 0.6548165137614679, 0.6295871559633027]}, "wordsub": {"accuracy": [0.6444954128440367, 0.6536697247706422, 0.6513761467889908, 0.6685779816513762, 0.6605504587155964]}, "wordsynn": {"accuracy": [0.6662844036697247, 0.6502293577981652, 0.6662844036697247, 0.6651376146788991, 0.6513761467889908]}, "default_scores": {"accuracy": [0.6743119266055045]}}