{"charsub": {"matthews_correlation": [-0.040852194988972475, -0.03895765098691853, -0.06990217029453025, -0.029936249475303923, -0.06112936879923585]}, "wordswap": {"matthews_correlation": [-0.030643194665239945, -0.007058654654576969, 0.0019835575348978378, -0.018399206099569597, 0.02102973320950886]}, "wordsub": {"matthews_correlation": [-0.03530912313798, -0.015233001347743549, -0.04345725521051961, -0.034173348626994365, -0.03793797921714948]}, "wordsynn": {"matthews_correlation": [-0.07898733205524909, -0.08201477091540706, -0.048799062603572724, -0.00330638235092063, -0.02388359300617379]}, "default_scores": {"matthews_correlation": [-0.02002550206047725]}}