{"charsub": {"accuracy": [0.5678198791872597, 0.5647080358777229, 0.5612300933552993, 0.5617792421746294, 0.5659893831228263]}, "wordswap": {"accuracy": [0.6027823540179389, 0.6027823540179389, 0.6101043382756727, 0.6080907926047959, 0.6075416437854658]}, "wordsub": {"accuracy": [0.590151931173348, 0.5967417170053084, 0.5965586673988651, 0.590151931173348, 0.5885044847153579]}, "wordsynn": {"accuracy": [0.5950942705473183, 0.5952773201537617, 0.5899688815669046, 0.5939959729086582, 0.5919824272377814]}, "default_scores": {"accuracy": [0.6062602965403624]}}