{"default": {"accuracy": [0.5523465703971119]}, "charsub": {"accuracy": [0.5523465703971119, 0.5487364620938628, 0.5270758122743683, 0.5342960288808665, 0.5415162454873647, 0.5415162454873647, 0.5342960288808665, 0.5415162454873647, 0.5523465703971119, 0.5523465703971119]}, "wordswap": {"accuracy": [0.5487364620938628, 0.5523465703971119, 0.555956678700361, 0.5523465703971119, 0.555956678700361, 0.5487364620938628, 0.555956678700361, 0.555956678700361, 0.555956678700361, 0.5595667870036101]}, "wordsynn": {"accuracy": [0.5631768953068592, 0.5451263537906137, 0.5523465703971119, 0.5415162454873647, 0.5667870036101083, 0.5487364620938628, 0.5523465703971119, 0.5451263537906137, 0.5595667870036101, 0.555956678700361]}, "kberr": {"accuracy": [0.5126353790613718, 0.5306859205776173, 0.5379061371841155, 0.5306859205776173, 0.5090252707581228, 0.5018050541516246, 0.4657039711191336, 0.5234657039711191, 0.4981949458483754, 0.48736462093862815]}, "sperr": {"accuracy": [0.5667870036101083, 0.5487364620938628, 0.5306859205776173, 0.5379061371841155, 0.5451263537906137, 0.5595667870036101, 0.5631768953068592, 0.5487364620938628, 0.5451263537906137, 0.555956678700361]}, "tensecg": {"accuracy": [0.5234657039711191, 0.5342960288808665, 0.5342960288808665, 0.5126353790613718, 0.5234657039711191, 0.5379061371841155, 0.51985559566787, 0.5306859205776173, 0.5487364620938628, 0.516245487364621]}}