{"default": {"accuracy": [0.8235294117647058], "f1": [0.8709677419354839]}, "charsub": {"accuracy": [0.8112745098039216, 0.7990196078431373, 0.8137254901960784, 0.8259803921568627, 0.8137254901960784, 0.8137254901960784, 0.8063725490196079, 0.8014705882352942, 0.8063725490196079, 0.7965686274509803], "f1": [0.8571428571428571, 0.8475836431226766, 0.8597785977859778, 0.8692449355432781, 0.8602941176470589, 0.8608058608058607, 0.8534322820037106, 0.8508287292817679, 0.8539741219963031, 0.845437616387337]}, "wordswap": {"accuracy": [0.8235294117647058, 0.8137254901960784, 0.8259803921568627, 0.8235294117647058, 0.821078431372549, 0.8259803921568627, 0.8161764705882353, 0.8259803921568627, 0.8284313725490197, 0.8186274509803921], "f1": [0.8695652173913043, 0.8628158844765343, 0.872072072072072, 0.8700361010830325, 0.8684684684684685, 0.8711433756805808, 0.864376130198915, 0.8716094032549728, 0.8727272727272727, 0.8659420289855072]}, "wordsynn": {"accuracy": [0.7990196078431373, 0.8259803921568627, 0.8137254901960784, 0.8063725490196079, 0.8137254901960784, 0.8088235294117647, 0.8112745098039216, 0.821078431372549, 0.8186274509803921, 0.8088235294117647], "f1": [0.8498168498168498, 0.869724770642202, 0.8608058608058607, 0.855045871559633, 0.8623188405797102, 0.8560885608856089, 0.8587155963302752, 0.8665447897623401, 0.8654545454545455, 0.8566176470588235]}, "kberr": {"accuracy": [0.5441176470588235, 0.5343137254901961, 0.5245098039215687, 0.5343137254901961, 0.5196078431372549, 0.5343137254901961, 0.5294117647058824, 0.5196078431372549, 0.5098039215686274, 0.5612745098039216], "f1": [0.5230769230769231, 0.5153061224489797, 0.5, 0.5103092783505154, 0.48958333333333337, 0.5153061224489797, 0.5051546391752577, 0.48691099476439786, 0.47089947089947093, 0.5536159600997507]}, "sperr": {"accuracy": [0.8161764705882353, 0.8235294117647058, 0.821078431372549, 0.7990196078431373, 0.8112745098039216, 0.8112745098039216, 0.8088235294117647, 0.8259803921568627, 0.8137254901960784, 0.8137254901960784], "f1": [0.861878453038674, 0.8695652173913043, 0.8655616942909761, 0.8498168498168498, 0.8587155963302752, 0.8587155963302752, 0.8566176470588235, 0.8706739526411658, 0.8608058608058607, 0.8602941176470589]}, "tensecg": {"accuracy": [0.7990196078431373, 0.7916666666666666, 0.8014705882352942, 0.8088235294117647, 0.7965686274509803, 0.8284313725490197, 0.8112745098039216, 0.8088235294117647, 0.8235294117647058, 0.8112745098039216], "f1": [0.8487084870848709, 0.8440366972477065, 0.8519195612431445, 0.8560885608856089, 0.8477064220183487, 0.8722627737226278, 0.8576709796672828, 0.8566176470588235, 0.8686131386861314, 0.8587155963302752]}}