{"default": {"pearson": [0.09980290932284702], "spearmanr": [0.08572110779852493]}, "charsub": {"pearson": [0.0322019571876004, 0.028528722330046264, 0.030531598963693736, 0.03424096141916042, 0.036115953611617194, 0.026845150849538275, 0.032126879990272875, 0.033108483892366994, 0.02903801166363597, 0.030881773022280755], "spearmanr": [0.014847205985808968, 0.013127563706489712, 0.013966494886424697, 0.018873509480756546, 0.024283796569469045, 0.013101167332147716, 0.017019241052014248, 0.015689130554942497, 0.012304839266358631, 0.016282416469177694]}, "wordswap": {"pearson": [0.013344374804675554, 0.015966331357601855, 0.01284903363403644, 0.013632349220070498, 0.010918074044497407, 0.012270996217506491, 0.01688620413682999, 0.01432385840856932, 0.012385887281149767, 0.01778498990851068], "spearmanr": [-0.002504201428234308, -0.0013476168291419166, -0.0015218545547603952, -0.003296661423388472, -0.005962405557074226, -0.0025854054365185624, 0.0012318702894928016, -0.0009409937343702776, -0.0053167261020403405, -0.0001940197491020205]}, "wordsynn": {"pearson": [0.028551672469964703, 0.02655238271948307, 0.0266474263488669, 0.02437166916790542, 0.02761648220482779, 0.03424539117515723, 0.027899174765639856, 0.02319629358969804, 0.027509019965859208, 0.02228325729433373], "spearmanr": [0.011955102310254774, 0.005988618548755265, 0.006220660380052815, 0.010231868692715121, 0.01407068593696816, 0.014867701233849475, 0.006990508729806963, 0.012070440158909937, 0.007441636457585171, 0.006236468029379784]}, "kberr": {"pearson": [0.006009001333557543, -0.004456800281457069, -0.004561085243790499, -0.005455550935336463, 0.003936544931646698, -0.025600661963751208, -0.0010265955624306148, -0.02135771543216081, -0.009664739104165345, -0.0035867651628248604], "spearmanr": [0.007567776625277153, -0.00415496722889884, -0.006367117693507786, -0.00603822627288986, 0.002586446360457353, -0.02109618262902163, 0.002491512015271621, -0.01758342863451175, -0.006813404877394695, -0.0005835387823849544]}, "sperr": {"pearson": [0.03136758702086097, 0.024860731154128384, 0.029015362286544343, 0.024880681718902613, 0.036544290080371244, 0.022165587525384244, 0.02660728702517062, 0.03362899142105009, 0.022113459733445782, 0.03328213176352482], "spearmanr": [0.015488475557764276, 0.010871900304572675, 0.010122650658309976, 0.007124730006059782, 0.018471703586566742, 0.005357924750360073, 0.00978100599366727, 0.01217932855404298, 0.002788701772988207, 0.014667412678264725]}, "tensecg": {"pearson": [0.07378312421218522, 0.07529755590507362, 0.07329867894057468, 0.06776286242336205, 0.07166525926083946, 0.06515193874071144, 0.05834849925792119, 0.07459759713589091, 0.0596139962329153, 0.05510749426649006], "spearmanr": [0.05190046136778263, 0.056973918685989264, 0.056473268791171004, 0.05858876766996925, 0.05595600794235302, 0.05583019901236609, 0.0433377688098433, 0.05610768483229299, 0.04475150987767794, 0.045259466603439165]}}