{"default": {"accuracy": [0.893348623853211]}, "charsub": {"accuracy": [0.8486238532110092, 0.875, 0.8577981651376146, 0.8635321100917431, 0.8715596330275229, 0.8761467889908257, 0.8623853211009175, 0.8635321100917431, 0.8600917431192661, 0.8658256880733946]}, "wordswap": {"accuracy": [0.8864678899082569, 0.8772935779816514, 0.8841743119266054, 0.8864678899082569, 0.8910550458715596, 0.8853211009174312, 0.8899082568807339, 0.8899082568807339, 0.8841743119266054, 0.8887614678899083]}, "wordsynn": {"accuracy": [0.8784403669724771, 0.8876146788990825, 0.875, 0.8738532110091743, 0.8795871559633027, 0.8772935779816514, 0.8704128440366973, 0.8795871559633027, 0.8830275229357798, 0.8887614678899083]}, "kberr": {"accuracy": [0.6089449541284404, 0.6169724770642202, 0.6364678899082569, 0.6387614678899083, 0.6169724770642202, 0.6135321100917431, 0.625, 0.6307339449541285, 0.6123853211009175, 0.6387614678899083]}, "sperr": {"accuracy": [0.8692660550458715, 0.8795871559633027, 0.8727064220183486, 0.8795871559633027, 0.8612385321100917, 0.8589449541284404, 0.8784403669724771, 0.8715596330275229, 0.8681192660550459, 0.8704128440366973]}, "tensecg": {"accuracy": [0.8096330275229358, 0.805045871559633, 0.8038990825688074, 0.8119266055045872, 0.8279816513761468, 0.8153669724770642, 0.8073394495412844, 0.8027522935779816, 0.8165137614678899, 0.8061926605504587]}}