{"default": {"accuracy": [0.7986454329123193]}, "charsub": {"accuracy": [0.7830862163646348, 0.785831960461285, 0.7850997620355116, 0.7907742998352554, 0.7872963573128318, 0.786381109280615, 0.7796082738422112, 0.7874794069192751, 0.7836353651839648, 0.7834523155775215]}, "wordswap": {"accuracy": [0.7887607541643785, 0.7913234486545854, 0.7898590518030386, 0.7898590518030386, 0.7898590518030386, 0.7896760021965953, 0.7933369943254622, 0.791140399048142, 0.7887607541643785, 0.790042101409482]}, "wordsynn": {"accuracy": [0.786381109280615, 0.7955335896027823, 0.7913234486545854, 0.7904082006223687, 0.7883946549514919, 0.7882116053450485, 0.7920556470803588, 0.7882116053450485, 0.791140399048142, 0.7889438037708218]}, "kberr": {"accuracy": [0.6829580816401245, 0.6873512721947648, 0.6796631887241442, 0.6891817682591982, 0.6789309902983709, 0.6824089328207944, 0.6798462383305875, 0.676917444627494, 0.6930258099945085, 0.6950393556653853]}, "sperr": {"accuracy": [0.7885777045579352, 0.7893099029837086, 0.7865641588870584, 0.7891268533772653, 0.7883946549514919, 0.7838184147904081, 0.7841845140032949, 0.7832692659710782, 0.7880285557386052, 0.7836353651839648]}, "tensecg": {"accuracy": [0.7719201903715907, 0.7693574958813838, 0.7722862895844774, 0.7766794801391177, 0.7742998352553542, 0.7717371407651473, 0.7775947281713345, 0.7728354384038074, 0.7777777777777778, 0.7737506864360242]}}