{"charsub": {"accuracy": [0.7303921568627451, 0.7181372549019608, 0.7279411764705882, 0.7205882352941176, 0.7156862745098039], "f1": [0.7698744769874477, 0.7638603696098563, 0.7672955974842767, 0.7605042016806723, 0.7613168724279835]}, "wordswap": {"accuracy": [0.8161764705882353, 0.8308823529411765, 0.8284313725490197, 0.8137254901960784, 0.821078431372549], "f1": [0.8658318425760286, 0.8756756756756756, 0.8749999999999999, 0.8633093525179856, 0.8694096601073344]}, "wordsub": {"accuracy": [0.8161764705882353, 0.8112745098039216, 0.821078431372549, 0.8235294117647058, 0.8112745098039216], "f1": [0.8633879781420764, 0.8587155963302752, 0.8675136116152451, 0.8676470588235294, 0.8592321755027422]}, "wordsynn": {"accuracy": [0.821078431372549, 0.8112745098039216, 0.8137254901960784, 0.8235294117647058, 0.8112745098039216], "f1": [0.8665447897623401, 0.8576709796672828, 0.8613138686131386, 0.8686131386861314, 0.8587155963302752]}, "default_scores": {"accuracy": [0.8235294117647058], "f1": [0.8709677419354839]}}