{"charsub": {"accuracy": [0.8325688073394495, 0.8394495412844036, 0.8371559633027523, 0.8520642201834863, 0.8486238532110092]}, "wordswap": {"accuracy": [0.8772935779816514, 0.8841743119266054, 0.8681192660550459, 0.8807339449541285, 0.8692660550458715]}, "wordsub": {"accuracy": [0.8761467889908257, 0.8761467889908257, 0.8853211009174312, 0.8772935779816514, 0.8727064220183486]}, "wordsynn": {"accuracy": [0.8738532110091743, 0.875, 0.8772935779816514, 0.8784403669724771, 0.875]}, "default_scores": {"accuracy": [0.893348623853211]}}