{"charsub": {"accuracy": [0.5523465703971119, 0.555956678700361, 0.5379061371841155, 0.5703971119133574, 0.5595667870036101]}, "wordswap": {"accuracy": [0.5523465703971119, 0.5379061371841155, 0.5379061371841155, 0.5523465703971119, 0.5451263537906137]}, "wordsub": {"accuracy": [0.5487364620938628, 0.555956678700361, 0.5415162454873647, 0.5631768953068592, 0.5451263537906137]}, "wordsynn": {"accuracy": [0.5451263537906137, 0.5523465703971119, 0.5631768953068592, 0.5523465703971119, 0.5379061371841155]}, "default_scores": {"accuracy": [0.5523465703971119]}}