{"charsub": {"pearson": [0.030402030193854516, 0.034817453779585276, 0.029354638764496926, 0.0429901113422065, 0.027602298774981358], "spearmanr": [0.02294829035879052, 0.024878759468188096, 0.024462809793497017, 0.030540995807936948, 0.01719702621270635]}, "wordswap": {"pearson": [-0.0017776409002733858, -0.001365247712485116, 0.0009854918222550364, -0.0057407687264214614, 0.001207949779930743], "spearmanr": [-0.016794931483671158, -0.019212336615666552, -0.011808688520458695, -0.020071418293020005, -0.008590536337723659]}, "wordsub": {"pearson": [0.026063138732711613, 0.026353026812654265, 0.03165373999757737, 0.03056910947156025, 0.027146424266640514], "spearmanr": [0.008440318998250713, 0.008171869344456484, 0.015997874275756243, 0.011282096090532977, 0.013306447467916312]}, "wordsynn": {"pearson": [0.02466411866425361, 0.028076914329216197, 0.019169062731914013, 0.026688056575688648, 0.026672303613243784], "spearmanr": [0.008630495955157438, 0.012350866613017372, 0.004556001240514024, 0.005800207114965729, 0.007873146645696827]}, "default_scores": {"pearson": [0.09978667923170291], "spearmanr": [0.08568225097955866]}}