{"charsub": {"accuracy": [0.756727073036793, 0.7576423210690097, 0.7587406187076697, 0.7609372139849899, 0.7550796265788029]}, "wordswap": {"accuracy": [0.781072670693758, 0.7876624565257184, 0.7854658612483983, 0.7803404722679846, 0.7843675636097382]}, "wordsub": {"accuracy": [0.7876624565257184, 0.7902251510159253, 0.7891268533772653, 0.7889438037708218, 0.790591250228812]}, "wordsynn": {"accuracy": [0.7907742998352554, 0.7885777045579352, 0.7915064982610287, 0.7896760021965953, 0.7883946549514919]}, "default_scores": {"accuracy": [0.7986454329123193]}}