{"default": {"accuracy": [0.8406862745098039], "f1": [0.8892674616695059]}, "charsub": {"accuracy": [0.8382352941176471, 0.8333333333333334, 0.8382352941176471, 0.8161764705882353, 0.8284313725490197, 0.8284313725490197, 0.8063725490196079, 0.8259803921568627, 0.8112745098039216, 0.8112745098039216], "f1": [0.88339222614841, 0.8815331010452963, 0.8850174216027874, 0.8691099476439791, 0.8771929824561404, 0.8793103448275862, 0.8616462346760069, 0.8747795414462081, 0.8651488616462346, 0.8656195462478186]}, "wordswap": {"accuracy": [0.8284313725490197, 0.8308823529411765, 0.8259803921568627, 0.8406862745098039, 0.8382352941176471, 0.8308823529411765, 0.8284313725490197, 0.8333333333333334, 0.8186274509803921, 0.8235294117647058], "f1": [0.8809523809523808, 0.883248730964467, 0.8794567062818336, 0.8892674616695059, 0.8885135135135136, 0.8824531516183987, 0.8817567567567567, 0.8847457627118644, 0.8741496598639455, 0.8779661016949152]}, "wordsynn": {"accuracy": [0.8455882352941176, 0.8357843137254902, 0.8480392156862745, 0.8406862745098039, 0.8382352941176471, 0.8308823529411765, 0.8308823529411765, 0.8382352941176471, 0.8235294117647058, 0.8357843137254902], "f1": [0.8923076923076922, 0.8854700854700854, 0.8945578231292517, 0.8885077186963979, 0.8865979381443299, 0.882051282051282, 0.8824531516183987, 0.888135593220339, 0.8771331058020477, 0.8866328257191202]}, "kberr": {"accuracy": [0.4950980392156863, 0.4534313725490196, 0.47794117647058826, 0.49019607843137253, 0.4803921568627451, 0.4583333333333333, 0.45588235294117646, 0.46078431372549017, 0.45588235294117646, 0.4681372549019608], "f1": [0.4340659340659341, 0.34985422740524785, 0.4, 0.42222222222222217, 0.4044943820224719, 0.3667621776504298, 0.36931818181818177, 0.367816091954023, 0.35838150289017334, 0.3852691218130312]}, "sperr": {"accuracy": [0.8186274509803921, 0.8455882352941176, 0.8259803921568627, 0.8357843137254902, 0.8357843137254902, 0.8137254901960784, 0.8235294117647058, 0.8235294117647058, 0.8259803921568627, 0.8357843137254902], "f1": [0.8715277777777779, 0.8919382504288165, 0.8782161234991424, 0.8842832469775476, 0.8854700854700854, 0.8685121107266436, 0.8758620689655173, 0.8762886597938144, 0.8756567425569177, 0.8838821490467937]}, "tensecg": {"accuracy": [0.8357843137254902, 0.8382352941176471, 0.8480392156862745, 0.8455882352941176, 0.8382352941176471, 0.8406862745098039, 0.8284313725490197, 0.8333333333333334, 0.8406862745098039, 0.8382352941176471], "f1": [0.8834782608695653, 0.8846153846153846, 0.89198606271777, 0.8908145580589255, 0.8858131487889273, 0.8873483535528597, 0.8793103448275862, 0.8823529411764706, 0.8873483535528597, 0.8854166666666665]}}