{"default": {"pearson": [0.19356879511402195], "spearmanr": [0.19151477218657423]}, "charsub": {"pearson": [0.23261169608783264, 0.22901617853401524, 0.23274398914008407, 0.21465785333352555, 0.2333551819914993, 0.23434319740456888, 0.2246354805326319, 0.2276756340187753, 0.2251978040097666, 0.21622923328681554], "spearmanr": [0.22295599233896782, 0.21684022820237198, 0.22510859941082764, 0.21274111071624907, 0.21970741485912965, 0.22120850941991915, 0.21388903995586375, 0.2194825524084105, 0.21758039640243015, 0.20989628471795602]}, "wordswap": {"pearson": [0.22562099101125163, 0.2331083730193205, 0.2271450178468385, 0.22289795616805302, 0.21648374953408478, 0.22223558330349794, 0.22017558605074808, 0.21816008391452565, 0.22295884184319548, 0.23541769412347538], "spearmanr": [0.21755211156926543, 0.2233865097393182, 0.21906768913167876, 0.21447925267889262, 0.2087579213131487, 0.21405676185381559, 0.2129294001817024, 0.2108661023015147, 0.21389770296336133, 0.2216608940676789]}, "wordsynn": {"pearson": [0.22245343128699946, 0.2117760460719801, 0.22218856588328514, 0.21759553316928015, 0.22300828232726086, 0.21436819337123197, 0.22291392941984567, 0.2234159718616378, 0.21556137537184095, 0.22136162660105418], "spearmanr": [0.21871472675455608, 0.20808941462226438, 0.21587012336544886, 0.21149613120717528, 0.21583359734764562, 0.20955033270787485, 0.21945131356246964, 0.21724659584683986, 0.2094479587853872, 0.2139289033530157]}, "kberr": {"pearson": [0.2393396354648683, 0.24854279988564046, 0.2597985482613805, 0.24707181311521612, 0.25101921617128525, 0.2617903482225586, 0.26411472676424347, 0.24281208476797095, 0.23339468930054016, 0.24140738917409463], "spearmanr": [0.22773307288638528, 0.23916418763829533, 0.2381471873937196, 0.2360197756165976, 0.23316321001269572, 0.23943396341475, 0.2517397655998679, 0.22977331739932047, 0.22104996570524024, 0.23310295626509783]}, "sperr": {"pearson": [0.22700474767082168, 0.22467063364898135, 0.23438450421957463, 0.23158175697726519, 0.24252355011882493, 0.24023765299785213, 0.23054729103398414, 0.2353055114457904, 0.20566550556142627, 0.2258601401967195], "spearmanr": [0.22087457383540485, 0.21934322054652952, 0.2278815635651334, 0.22276492379905846, 0.23033015374922874, 0.2279901911462934, 0.2177523052710179, 0.22257686574213492, 0.19901861670533266, 0.22067971802468675]}, "tensecg": {"pearson": [0.21352615839454062, 0.2149953382315637, 0.20308029196513913, 0.21259766025504248, 0.2165456635035831, 0.20954843883356442, 0.2084866709218053, 0.21389610802781361, 0.207390599183221, 0.20315149556682474], "spearmanr": [0.21016390056124143, 0.21154011255433144, 0.20269952689578305, 0.20987899897537948, 0.21394586408985963, 0.20741959332041107, 0.20604616943450843, 0.20846686009421536, 0.20380180719706617, 0.20380435418680887]}}