{"default": {"accuracy": [0.4647887323943662]}, "charsub": {"accuracy": [0.5352112676056338, 0.49295774647887325, 0.5211267605633803, 0.5352112676056338, 0.5070422535211268, 0.5211267605633803, 0.5070422535211268, 0.5211267605633803, 0.5352112676056338, 0.5211267605633803]}, "wordswap": {"accuracy": [0.5211267605633803, 0.5070422535211268, 0.5211267605633803, 0.5211267605633803, 0.5070422535211268, 0.5070422535211268, 0.5352112676056338, 0.5352112676056338, 0.5070422535211268, 0.5070422535211268]}, "wordsynn": {"accuracy": [0.49295774647887325, 0.5070422535211268, 0.5070422535211268, 0.49295774647887325, 0.4788732394366197, 0.5070422535211268, 0.49295774647887325, 0.5070422535211268, 0.5070422535211268, 0.4788732394366197]}, "kberr": {"accuracy": [0.5633802816901409, 0.5633802816901409, 0.5633802816901409, 0.5633802816901409, 0.5633802816901409, 0.5633802816901409, 0.5633802816901409, 0.5633802816901409, 0.5633802816901409, 0.5633802816901409]}, "sperr": {"accuracy": [0.5211267605633803, 0.5211267605633803, 0.5211267605633803, 0.5352112676056338, 0.5352112676056338, 0.5211267605633803, 0.49295774647887325, 0.5211267605633803, 0.5352112676056338, 0.49295774647887325]}, "tensecg": {"accuracy": [0.5633802816901409, 0.5352112676056338, 0.5492957746478874, 0.5633802816901409, 0.5352112676056338, 0.5352112676056338, 0.5352112676056338, 0.5352112676056338, 0.5352112676056338, 0.5492957746478874]}}