{"default": {"accuracy": [0.8447739337360425]}, "charsub": {"accuracy": [0.8270181219110379, 0.8242723778143877, 0.8288486179754714, 0.8270181219110379, 0.8251876258466044, 0.829214717188358, 0.8299469156141315, 0.8279333699432546, 0.8213435841112942, 0.8321435108914516]}, "wordswap": {"accuracy": [0.8411129416071755, 0.8427603880651656, 0.8420281896393923, 0.8425773384587223, 0.8422112392458356, 0.8431264872780524, 0.8456891817682592, 0.8420281896393923, 0.8434925864909391, 0.844041735310269]}, "wordsynn": {"accuracy": [0.8378180486911954, 0.8394654951491854, 0.8420281896393923, 0.8359875526267618, 0.842943437671609, 0.8411129416071755, 0.8365367014460919, 0.8356214534138752, 0.8367197510525353, 0.8376349990847519]}, "kberr": {"accuracy": [0.6613582280798096, 0.6648361706022332, 0.6584294343767161, 0.6686802123375435, 0.671059857221307, 0.6602599304411495, 0.662090426505583, 0.6556836902800659, 0.6670327658795534, 0.6637378729635731]}, "sperr": {"accuracy": [0.8370858502654219, 0.8330587589236683, 0.8367197510525353, 0.8323265604978949, 0.8352553542009885, 0.8369028006589786, 0.8345231557752151, 0.832875709317225, 0.8326926597107817, 0.8341570565623284]}, "tensecg": {"accuracy": [0.8319604612850082, 0.8279333699432546, 0.823906278601501, 0.8240893282079443, 0.8314113124656782, 0.8290316675819147, 0.827567270730368, 0.8299469156141315, 0.8268350723045945, 0.8253706754530478]}}