{"default": {"accuracy": [0.9036697247706422]}, "charsub": {"accuracy": [0.8818807339449541, 0.8887614678899083, 0.8841743119266054, 0.8853211009174312, 0.8807339449541285, 0.8864678899082569, 0.8899082568807339, 0.8772935779816514, 0.8784403669724771, 0.8807339449541285]}, "wordswap": {"accuracy": [0.9071100917431193, 0.9013761467889908, 0.9036697247706422, 0.9036697247706422, 0.8944954128440367, 0.9002293577981652, 0.9025229357798165, 0.9025229357798165, 0.9059633027522935, 0.9048165137614679]}, "wordsynn": {"accuracy": [0.8818807339449541, 0.8956422018348624, 0.8910550458715596, 0.8990825688073395, 0.8944954128440367, 0.893348623853211, 0.8864678899082569, 0.8853211009174312, 0.8818807339449541, 0.8956422018348624]}, "kberr": {"accuracy": [0.5848623853211009, 0.5745412844036697, 0.591743119266055, 0.5848623853211009, 0.6043577981651376, 0.6020642201834863, 0.6020642201834863, 0.5940366972477065, 0.5951834862385321, 0.6123853211009175]}, "sperr": {"accuracy": [0.893348623853211, 0.8818807339449541, 0.8864678899082569, 0.8876146788990825, 0.8922018348623854, 0.8910550458715596, 0.8876146788990825, 0.8853211009174312, 0.8944954128440367, 0.8864678899082569]}, "tensecg": {"accuracy": [0.8222477064220184, 0.819954128440367, 0.8371559633027523, 0.8279816513761468, 0.823394495412844, 0.8176605504587156, 0.8325688073394495, 0.8314220183486238, 0.823394495412844, 0.841743119266055]}}