{"default": {"matthews_correlation": [0.5088853013293094]}, "charsub": {"matthews_correlation": [0.33270177081078395, 0.3050833764509482, 0.3733695907004989, 0.27017033239531946, 0.3372422847609501, 0.29037185651639175, 0.3062767412213407, 0.302171591003684, 0.27239870743474665, 0.3187485177622569]}, "wordswap": {"matthews_correlation": [0.15068811648440011, 0.14954906662462936, 0.16121226727361354, 0.12749960430995214, 0.15871894766457575, 0.1385848029961505, 0.13782364343822415, 0.12173497647368932, 0.16081017863529903, 0.15496328769799786]}, "wordsynn": {"matthews_correlation": [0.36885721897642876, 0.3298479521267141, 0.32308975958999975, 0.3318477130841936, 0.31993876373753355, 0.3243532485052651, 0.40248178465548584, 0.36252913891052224, 0.3422027815353899, 0.3789085333007338]}, "kberr": {"matthews_correlation": [0.010295517162875151, 0.06347258918589789, 0.042769145524113754, 0.052501028041257836, 0.04842865057126557, 0.030033413985035295, 0.05885184406675555, -0.004088540814661295, 0.034466781328547455, 0.04018586313375123]}, "sperr": {"matthews_correlation": [0.26102778958119394, 0.22279873216580728, 0.26792930348519584, 0.19955129359618404, 0.2490409895355775, 0.22606600272166497, 0.22094343376977962, 0.25927441883897623, 0.2235785260925472, 0.21328045053862676]}, "tensecg": {"matthews_correlation": [0.24027688636815933, 0.2621658107308938, 0.250607943684, 0.25441438576571856, 0.2273498489016707, 0.25208881718533027, 0.26124026385314336, 0.266846634077503, 0.2695516538959049, 0.2538038914760713]}}