{"default": {"accuracy": [0.5812274368231047]}, "charsub": {"accuracy": [0.5812274368231047, 0.592057761732852, 0.5884476534296029, 0.5703971119133574, 0.5884476534296029, 0.5992779783393501, 0.6028880866425993, 0.5812274368231047, 0.5992779783393501, 0.6173285198555957]}, "wordswap": {"accuracy": [0.592057761732852, 0.5992779783393501, 0.5992779783393501, 0.5992779783393501, 0.5956678700361011, 0.5992779783393501, 0.592057761732852, 0.5956678700361011, 0.592057761732852, 0.6064981949458483]}, "wordsynn": {"accuracy": [0.5884476534296029, 0.5992779783393501, 0.5956678700361011, 0.5956678700361011, 0.6064981949458483, 0.5848375451263538, 0.5884476534296029, 0.5992779783393501, 0.5992779783393501, 0.5992779783393501]}, "kberr": {"accuracy": [0.5126353790613718, 0.5523465703971119, 0.5342960288808665, 0.5234657039711191, 0.516245487364621, 0.5487364620938628, 0.5956678700361011, 0.5270758122743683, 0.5306859205776173, 0.555956678700361]}, "sperr": {"accuracy": [0.5992779783393501, 0.5992779783393501, 0.6028880866425993, 0.6028880866425993, 0.5848375451263538, 0.5884476534296029, 0.6101083032490975, 0.5884476534296029, 0.5776173285198556, 0.6101083032490975]}, "tensecg": {"accuracy": [0.5992779783393501, 0.5667870036101083, 0.5740072202166066, 0.5667870036101083, 0.5703971119133574, 0.5631768953068592, 0.5451263537906137, 0.5812274368231047, 0.5487364620938628, 0.5776173285198556]}}