{"default": {"accuracy": [0.9197247706422018]}, "charsub": {"accuracy": [0.8944954128440367, 0.9036697247706422, 0.9025229357798165, 0.8922018348623854, 0.8956422018348624, 0.9036697247706422, 0.9002293577981652, 0.9105504587155964, 0.9036697247706422, 0.8979357798165137]}, "wordswap": {"accuracy": [0.9208715596330275, 0.9208715596330275, 0.9208715596330275, 0.9231651376146789, 0.9151376146788991, 0.9231651376146789, 0.9094036697247706, 0.9151376146788991, 0.9151376146788991, 0.9220183486238532]}, "wordsynn": {"accuracy": [0.9071100917431193, 0.9071100917431193, 0.9094036697247706, 0.908256880733945, 0.9094036697247706, 0.9048165137614679, 0.9105504587155964, 0.908256880733945, 0.908256880733945, 0.9071100917431193]}, "kberr": {"accuracy": [0.625, 0.6261467889908257, 0.6376146788990825, 0.6181192660550459, 0.6204128440366973, 0.6158256880733946, 0.625, 0.6318807339449541, 0.6261467889908257, 0.6204128440366973]}, "sperr": {"accuracy": [0.9128440366972477, 0.9094036697247706, 0.9094036697247706, 0.8967889908256881, 0.9025229357798165, 0.911697247706422, 0.908256880733945, 0.9002293577981652, 0.8910550458715596, 0.9094036697247706]}, "tensecg": {"accuracy": [0.8681192660550459, 0.8669724770642202, 0.8577981651376146, 0.8474770642201835, 0.8612385321100917, 0.8555045871559633, 0.8715596330275229, 0.8761467889908257, 0.8497706422018348, 0.8532110091743119]}}