{"default": {"pearson": [0.2435399111043319], "spearmanr": [0.21316748556641307]}, "charsub": {"pearson": [0.24986914693935122, 0.24371225461301654, 0.24524372885361398, 0.25321268512379996, 0.2678806002280639, 0.252103217232809, 0.25878664891084846, 0.24803749136375036, 0.25309284500864215, 0.25723130040579717], "spearmanr": [0.20458096057852218, 0.21076988637039998, 0.20937364111837536, 0.21037511853704377, 0.23005331479346902, 0.21307192729232147, 0.2121481411208188, 0.21406261188256773, 0.21055534300254647, 0.2067927823896215]}, "wordswap": {"pearson": [0.25505719118935255, 0.2418414695411126, 0.2521726256699941, 0.266003595177397, 0.26854062175700083, 0.2601036934285742, 0.2597029399420205, 0.2609103764272215, 0.26366431609366525, 0.25016506980295017], "spearmanr": [0.20693102573546432, 0.19659746787405116, 0.2042352752865803, 0.21306588857830985, 0.2179543372453546, 0.2134576893731373, 0.21544997933003776, 0.20990184203445666, 0.21426789774072463, 0.20615398251977074]}, "wordsynn": {"pearson": [0.24971308639695372, 0.24993301356386993, 0.25913505016716887, 0.25677348332392563, 0.2583942691119405, 0.25258228211876066, 0.24581894262700224, 0.24770366902475807, 0.264168915473711, 0.2434507723857861], "spearmanr": [0.20808133488028882, 0.20854336314995428, 0.2120431475998845, 0.2125379461738571, 0.21345673360770245, 0.20571847345332628, 0.20265738647744636, 0.2052778240487589, 0.21983209032057144, 0.20737877586092074]}, "kberr": {"pearson": [0.10438826344248933, 0.11917358848012334, 0.14520198822971825, 0.08098793663234295, 0.13338868590739533, 0.11303621651191055, 0.12586274917542567, 0.12391362171310057, 0.13937927689702134, 0.11255118302706084], "spearmanr": [0.09435677922686078, 0.09643626623608967, 0.13359757654107987, 0.05816819828796976, 0.10176878456900615, 0.08908338059756907, 0.10150156642348429, 0.10517026507556174, 0.11376693915589763, 0.09167747633018805]}, "sperr": {"pearson": [0.2563496064664856, 0.2467808927667671, 0.27927054957702097, 0.2619386579542127, 0.2565770258760353, 0.23853147812984918, 0.2508722031834287, 0.27056878631911113, 0.2482683822456948, 0.25721736869899314], "spearmanr": [0.21118546944596459, 0.19658214970759394, 0.23146655448289757, 0.2194171949069242, 0.21245412278435336, 0.20457627394394115, 0.20899521507184646, 0.2246736394348613, 0.20941097051180763, 0.21170122813598966]}, "tensecg": {"pearson": [0.2256905634625566, 0.23776247070079337, 0.22748883626967956, 0.2182397926509349, 0.24038573317662087, 0.22791396171920913, 0.22908821909650876, 0.2172785591288868, 0.21957171988815888, 0.2253740675396509], "spearmanr": [0.191901063512904, 0.21124129225065366, 0.2013517571086362, 0.19227998374102329, 0.21446029301913072, 0.20166463276389998, 0.1963907172072943, 0.18751728754771907, 0.1947829605639969, 0.20341706618963773]}}