{"default": {"matthews_correlation": [0.6041033887691281]}, "charsub": {"matthews_correlation": [0.37250449461891577, 0.38303615559383064, 0.3722742603683482, 0.3511362882666569, 0.3398923756163241, 0.3248186795234584, 0.33689679186949656, 0.337156171716161, 0.35656303898938574, 0.3528941204194877]}, "wordswap": {"matthews_correlation": [0.12774683307915127, 0.14743099686517794, 0.1457766396135933, 0.13924983407358668, 0.15020969035912046, 0.14707437553381, 0.13954173526363559, 0.14262100813452072, 0.17290663075715182, 0.1790897169746773]}, "wordsynn": {"matthews_correlation": [0.39036001740017245, 0.3810260031489268, 0.373517775960505, 0.3524187379289579, 0.42570144896197604, 0.40378025820625796, 0.3724871949478049, 0.4141850724286924, 0.3840506303753878, 0.39048495698925334]}, "kberr": {"matthews_correlation": [0.03341466616001071, 0.052217656401039626, 0.0291791195431811, 0.06063650695318086, 0.04545454590463293, 0.06718263762620615, 0.06191726084263182, 0.0885565061702423, 0.008760202732394426, 0.06349345942946308]}, "sperr": {"matthews_correlation": [0.29891047955332933, 0.2666030338137424, 0.34014793902028084, 0.29248115648333634, 0.33429601655396096, 0.28141658203887787, 0.31472380645666737, 0.3093909633206909, 0.2794790765808638, 0.2573432845217731]}, "tensecg": {"matthews_correlation": [0.25971048601270463, 0.3136758683002937, 0.2626640715792451, 0.29030521821698363, 0.25105132812683295, 0.3032430479819878, 0.2773673884519795, 0.30003930540514046, 0.25772218156871834, 0.2832441566452342]}}