{"default": {"accuracy": [0.4657039711191336]}, "charsub": {"accuracy": [0.4729241877256318, 0.4693140794223827, 0.4693140794223827, 0.4693140794223827, 0.4693140794223827, 0.4693140794223827, 0.4693140794223827, 0.4693140794223827, 0.4693140794223827, 0.4693140794223827]}, "wordswap": {"accuracy": [0.4657039711191336, 0.4657039711191336, 0.4693140794223827, 0.4693140794223827, 0.4729241877256318, 0.4693140794223827, 0.4693140794223827, 0.4657039711191336, 0.4657039711191336, 0.4729241877256318]}, "wordsynn": {"accuracy": [0.4657039711191336, 0.4657039711191336, 0.4729241877256318, 0.4693140794223827, 0.4657039711191336, 0.4693140794223827, 0.4657039711191336, 0.4657039711191336, 0.4693140794223827, 0.4693140794223827]}, "kberr": {"accuracy": [0.4729241877256318, 0.4729241877256318, 0.4729241877256318, 0.4729241877256318, 0.4729241877256318, 0.4729241877256318, 0.4729241877256318, 0.4729241877256318, 0.4729241877256318, 0.4729241877256318]}, "sperr": {"accuracy": [0.4693140794223827, 0.4657039711191336, 0.4657039711191336, 0.4693140794223827, 0.4657039711191336, 0.4693140794223827, 0.4657039711191336, 0.4657039711191336, 0.4729241877256318, 0.4657039711191336]}, "tensecg": {"accuracy": [0.4729241877256318, 0.4693140794223827, 0.48014440433212996, 0.47653429602888087, 0.4729241877256318, 0.4693140794223827, 0.4729241877256318, 0.4729241877256318, 0.4693140794223827, 0.47653429602888087]}}