{"default": {"accuracy": [0.41421568627450983], "f1": [0.2507836990595611]}, "charsub": {"accuracy": [0.42892156862745096, 0.42401960784313725, 0.4166666666666667, 0.4215686274509804, 0.41421568627450983, 0.4215686274509804, 0.42401960784313725, 0.42401960784313725, 0.42401960784313725, 0.4215686274509804], "f1": [0.28307692307692306, 0.2724458204334365, 0.25625000000000003, 0.2670807453416149, 0.2507836990595611, 0.2670807453416149, 0.2724458204334365, 0.2724458204334365, 0.2724458204334365, 0.2670807453416149]}, "wordswap": {"accuracy": [0.47794117647058826, 0.46568627450980393, 0.47794117647058826, 0.4681372549019608, 0.4803921568627451, 0.4803921568627451, 0.47058823529411764, 0.47549019607843135, 0.46568627450980393, 0.47058823529411764], "f1": [0.3826086956521739, 0.3588235294117647, 0.3826086956521739, 0.3636363636363636, 0.3872832369942197, 0.3872832369942197, 0.3684210526315789, 0.37790697674418605, 0.3588235294117647, 0.3684210526315789]}, "wordsynn": {"accuracy": [0.4681372549019608, 0.46078431372549017, 0.4632352941176471, 0.46078431372549017, 0.46568627450980393, 0.4681372549019608, 0.4485294117647059, 0.4632352941176471, 0.4681372549019608, 0.46078431372549017], "f1": [0.3636363636363636, 0.3491124260355029, 0.35398230088495575, 0.3491124260355029, 0.3588235294117647, 0.3636363636363636, 0.3243243243243243, 0.35398230088495575, 0.3636363636363636, 0.3491124260355029]}, "kberr": {"accuracy": [0.3161764705882353, 0.3161764705882353, 0.3161764705882353, 0.3161764705882353, 0.3161764705882353, 0.3161764705882353, 0.3161764705882353, 0.3161764705882353, 0.3161764705882353, 0.3161764705882353], "f1": [0.0, 0.0, 0.0, 0.0, 0.0, 0.0, 0.0, 0.0, 0.0, 0.0]}, "sperr": {"accuracy": [0.44607843137254904, 0.4387254901960784, 0.4338235294117647, 0.44362745098039214, 0.4534313725490196, 0.4338235294117647, 0.4387254901960784, 0.4485294117647059, 0.4411764705882353, 0.45098039215686275], "f1": [0.31927710843373497, 0.30395136778115506, 0.29357798165137616, 0.3141993957703928, 0.3343283582089552, 0.29357798165137616, 0.30395136778115506, 0.3243243243243243, 0.3090909090909091, 0.32934131736526945]}, "tensecg": {"accuracy": [0.45098039215686275, 0.44362745098039214, 0.4583333333333333, 0.45098039215686275, 0.45098039215686275, 0.4485294117647059, 0.4387254901960784, 0.4534313725490196, 0.4485294117647059, 0.4583333333333333], "f1": [0.33333333333333326, 0.3141993957703928, 0.34421364985163205, 0.32934131736526945, 0.32934131736526945, 0.3243243243243243, 0.30395136778115506, 0.3343283582089552, 0.3243243243243243, 0.34808259587020646]}}