{"charsub": {"accuracy": [0.5451263537906137, 0.5703971119133574, 0.5667870036101083, 0.6028880866425993, 0.5812274368231047]}, "wordswap": {"accuracy": [0.6028880866425993, 0.592057761732852, 0.5992779783393501, 0.5848375451263538, 0.6028880866425993]}, "wordsub": {"accuracy": [0.5992779783393501, 0.6209386281588448, 0.5848375451263538, 0.6064981949458483, 0.592057761732852]}, "wordsynn": {"accuracy": [0.6137184115523465, 0.6028880866425993, 0.5848375451263538, 0.5776173285198556, 0.5884476534296029]}, "default_scores": {"accuracy": [0.5812274368231047]}}