{"charsub": {"accuracy": [0.7618524620172067, 0.7634999084751968, 0.7627677100494233, 0.767343950210507, 0.7638660076880834]}, "wordswap": {"accuracy": [0.8361706022332052, 0.8330587589236683, 0.8370858502654219, 0.8359875526267618, 0.8350723045945451]}, "wordsub": {"accuracy": [0.8380010982976387, 0.8374519494783086, 0.8358045030203185, 0.8378180486911954, 0.8367197510525353]}, "wordsynn": {"accuracy": [0.8383671975105254, 0.8412959912136189, 0.8403807431814022, 0.8392824455427421, 0.8363536518396485]}, "default_scores": {"accuracy": [0.8447739337360425]}}