{"charsub": {"matthews_correlation": [0.2752233639847068, 0.29550405427253207, 0.2999230850737365, 0.29347129428230606, 0.2596986497431181]}, "wordswap": {"matthews_correlation": [0.1023917838680831, 0.14318960346787954, 0.11471803040145036, 0.13052688733033357, 0.12489453684894934]}, "wordsub": {"matthews_correlation": [0.39646505089750267, 0.342341213494554, 0.3938808508752054, 0.3389131343253833, 0.37363600781648265]}, "wordsynn": {"matthews_correlation": [0.32057047477893785, 0.36157386556575627, 0.33519149873602566, 0.34937995641352426, 0.3938808508752054]}, "default_scores": {"matthews_correlation": [0.5088853013293094]}}