{"charsub": {"accuracy": [0.8509174311926605, 0.8623853211009175, 0.8520642201834863, 0.8612385321100917, 0.8623853211009175]}, "wordswap": {"accuracy": [0.8853211009174312, 0.8922018348623854, 0.8956422018348624, 0.893348623853211, 0.8841743119266054]}, "wordsub": {"accuracy": [0.8922018348623854, 0.893348623853211, 0.8990825688073395, 0.8784403669724771, 0.8979357798165137]}, "wordsynn": {"accuracy": [0.8887614678899083, 0.8956422018348624, 0.8956422018348624, 0.8899082568807339, 0.8887614678899083]}, "default_scores": {"accuracy": [0.9036697247706422]}}