{"charsub": {"accuracy": [0.7132352941176471, 0.7107843137254902, 0.6911764705882353, 0.6985294117647058, 0.7205882352941176], "f1": [0.7526427061310782, 0.7489361702127659, 0.7260869565217392, 0.7354838709677419, 0.759493670886076]}, "wordswap": {"accuracy": [0.8333333333333334, 0.8333333333333334, 0.8308823529411765, 0.8308823529411765, 0.8357843137254902], "f1": [0.880701754385965, 0.8802816901408451, 0.8791593695271455, 0.8787346221441125, 0.8805704099821747]}, "wordsub": {"accuracy": [0.8308823529411765, 0.8308823529411765, 0.8382352941176471, 0.8259803921568627, 0.8284313725490197], "f1": [0.882051282051282, 0.8828522920203735, 0.8869863013698631, 0.8786324786324787, 0.8809523809523808]}, "wordsynn": {"accuracy": [0.8259803921568627, 0.8308823529411765, 0.8308823529411765, 0.8137254901960784, 0.8406862745098039], "f1": [0.8790459965928449, 0.8808290155440415, 0.8828522920203735, 0.870307167235495, 0.888888888888889]}, "default_scores": {"accuracy": [0.8406862745098039], "f1": [0.8892674616695059]}}