{"charsub": {"pearson": [0.19699080158231308, 0.20291287792176704, 0.199020258996575, 0.16865824675960717, 0.2024109641766056], "spearmanr": [0.18906609962447452, 0.19476175483609817, 0.18874379512958064, 0.16919072189292106, 0.19615406808319175]}, "wordswap": {"pearson": [0.21643202537889028, 0.20214058686978412, 0.21230515555204033, 0.20923248729135305, 0.21566779018461138], "spearmanr": [0.20477451196990307, 0.193022067510061, 0.2024802112783289, 0.2028686224004932, 0.20534615916308033]}, "wordsub": {"pearson": [0.21870088644991625, 0.20985317537558995, 0.22449055765851006, 0.22308038723804713, 0.22752418021747797], "spearmanr": [0.21394485093413249, 0.20637605845308363, 0.21830033787222267, 0.21576862538897007, 0.22173446589019333]}, "wordsynn": {"pearson": [0.21978329528968765, 0.22645755806766316, 0.21889057778099616, 0.2216794506878652, 0.22214223246014686], "spearmanr": [0.21489507159790913, 0.22012170528912106, 0.21411579240073697, 0.2159142552604656, 0.21604451215446535]}, "default_scores": {"pearson": [0.193568904321751], "spearmanr": [0.19151265902555487]}}