{"charsub": {"accuracy": [0.5492957746478874, 0.5352112676056338, 0.5633802816901409, 0.5492957746478874, 0.5492957746478874]}, "wordswap": {"accuracy": [0.5633802816901409, 0.5633802816901409, 0.5633802816901409, 0.5492957746478874, 0.5352112676056338]}, "wordsub": {"accuracy": [0.49295774647887325, 0.49295774647887325, 0.5070422535211268, 0.5070422535211268, 0.4788732394366197]}, "wordsynn": {"accuracy": [0.5070422535211268, 0.5070422535211268, 0.5211267605633803, 0.49295774647887325, 0.49295774647887325]}, "default_scores": {"accuracy": [0.4647887323943662]}}