{"charsub": {"accuracy": [0.3235294117647059, 0.31862745098039214, 0.33088235294117646, 0.32107843137254904, 0.32107843137254904], "f1": [0.021276595744680854, 0.0071428571428571435, 0.04210526315789474, 0.014234875444839857, 0.014234875444839857]}, "wordswap": {"accuracy": [0.4485294117647059, 0.45588235294117646, 0.45098039215686275, 0.44362745098039214, 0.4485294117647059], "f1": [0.3243243243243243, 0.3431952662721894, 0.32934131736526945, 0.3141993957703928, 0.3243243243243243]}, "wordsub": {"accuracy": [0.4534313725490196, 0.46568627450980393, 0.46568627450980393, 0.46568627450980393, 0.4583333333333333], "f1": [0.3343283582089552, 0.3588235294117647, 0.3588235294117647, 0.3588235294117647, 0.34421364985163205]}, "wordsynn": {"accuracy": [0.4534313725490196, 0.4534313725490196, 0.46568627450980393, 0.4534313725490196, 0.46078431372549017], "f1": [0.3343283582089552, 0.3343283582089552, 0.3588235294117647, 0.3343283582089552, 0.3491124260355029]}, "default_scores": {"accuracy": [0.41421568627450983], "f1": [0.2507836990595611]}}