{"charsub": {"pearson": [0.19406046547486522, 0.22092300886506594, 0.2061540344548974, 0.2237172668170453, 0.2085052403335546], "spearmanr": [0.16833614182976056, 0.18311444140278, 0.1863363600135507, 0.19571685833624688, 0.17348840132762305]}, "wordswap": {"pearson": [0.20789812199284086, 0.18830638067357441, 0.19716397407735275, 0.19164935950403694, 0.18683807422101256], "spearmanr": [0.1724395285915848, 0.16449698821014422, 0.16764871519572128, 0.16037048088832287, 0.1566312573655536]}, "wordsub": {"pearson": [0.25800545288481147, 0.2415916767522997, 0.25041368760305077, 0.251508181068289, 0.2551266814892086], "spearmanr": [0.21286769494497285, 0.20383488622023194, 0.2123237650430307, 0.20733512317444144, 0.21001933958976157]}, "wordsynn": {"pearson": [0.24979087437576517, 0.24630978389724267, 0.2562600297596829, 0.24630479932254082, 0.2508179336489681], "spearmanr": [0.20767586503418078, 0.20458574172061175, 0.2132612779568022, 0.20704497991904258, 0.20923505153693212]}, "default_scores": {"pearson": [0.24354005249746746], "spearmanr": [0.213169263337198]}}