{"charsub": {"matthews_correlation": [0.3515471644975936, 0.32925855048601693, 0.3205643793202439, 0.3951572509981615, 0.32146604936112694]}, "wordswap": {"matthews_correlation": [0.12306473509250893, 0.11856748324531743, 0.0705150043455838, 0.13629779081259238, 0.1048458466002148]}, "wordsub": {"matthews_correlation": [0.3805576262346485, 0.38958484087611, 0.40423667010076664, 0.3650051145998962, 0.3708127981708527]}, "wordsynn": {"matthews_correlation": [0.38783041292229586, 0.40315163157373785, 0.3736983111856719, 0.40083335239655743, 0.3764796124235673]}, "default_scores": {"matthews_correlation": [0.6041033887691281]}}