{"charsub": {"accuracy": [0.4946000366099213, 0.4946000366099213, 0.4946000366099213, 0.4946000366099213, 0.4946000366099213]}, "wordswap": {"accuracy": [0.4946000366099213, 0.4946000366099213, 0.4946000366099213, 0.4946000366099213, 0.4946000366099213]}, "wordsub": {"accuracy": [0.4946000366099213, 0.4946000366099213, 0.4946000366099213, 0.4946000366099213, 0.4946000366099213]}, "wordsynn": {"accuracy": [0.4946000366099213, 0.4946000366099213, 0.4946000366099213, 0.4946000366099213, 0.4946000366099213]}, "default_scores": {"accuracy": [0.4946000366099213]}}