{"charsub": {"accuracy": [0.8704128440366973, 0.8795871559633027, 0.8795871559633027, 0.8830275229357798, 0.875]}, "wordswap": {"accuracy": [0.9013761467889908, 0.9162844036697247, 0.9013761467889908, 0.9059633027522935, 0.908256880733945]}, "wordsub": {"accuracy": [0.9071100917431193, 0.9094036697247706, 0.911697247706422, 0.9128440366972477, 0.9071100917431193]}, "wordsynn": {"accuracy": [0.911697247706422, 0.9139908256880734, 0.8990825688073395, 0.9105504587155964, 0.9105504587155964]}, "default_scores": {"accuracy": [0.9197247706422018]}}