{"charsub": {"accuracy": [0.4729241877256318, 0.4729241877256318, 0.4729241877256318, 0.4729241877256318, 0.4729241877256318]}, "wordswap": {"accuracy": [0.4693140794223827, 0.47653429602888087, 0.4693140794223827, 0.4729241877256318, 0.4729241877256318]}, "wordsub": {"accuracy": [0.4657039711191336, 0.4693140794223827, 0.4693140794223827, 0.4693140794223827, 0.4729241877256318]}, "wordsynn": {"accuracy": [0.4693140794223827, 0.4657039711191336, 0.4657039711191336, 0.4657039711191336, 0.4693140794223827]}, "default_scores": {"accuracy": [0.4657039711191336]}}