{
  "charsub": {
    "accuracy": [
      0.5633802816901409,
      0.5633802816901409,
      0.5633802816901409,
      0.5633802816901409,
      0.5633802816901409,
      0.5633802816901409,
      0.5633802816901409,
      0.5633802816901409,
      0.5633802816901409,
      0.5633802816901409
    ]
  },
  "wordswap": {
    "accuracy": [
      0.5633802816901409,
      0.5633802816901409,
      0.5633802816901409,
      0.5633802816901409,
      0.5633802816901409,
      0.5633802816901409,
      0.5633802816901409,
      0.5633802816901409,
      0.5633802816901409,
      0.5633802816901409
    ]
  },
  "wordsub": {
    "accuracy": [
      0.5633802816901409,
      0.5633802816901409,
      0.5633802816901409,
      0.5633802816901409,
      0.5633802816901409,
      0.5633802816901409,
      0.5633802816901409,
      0.5633802816901409,
      0.5633802816901409,
      0.5633802816901409
    ]
  },
  "wordsynn": {
    "accuracy": [
      0.5633802816901409,
      0.5633802816901409,
      0.5633802816901409,
      0.5633802816901409,
      0.5633802816901409,
      0.5633802816901409,
      0.5633802816901409,
      0.5633802816901409,
      0.5633802816901409,
      0.5633802816901409
    ]
  },
  "default_scores": {
    "accuracy": [
      0.5633802816901409
    ]
  }
}